adm_0_name,adm_1_name,adm_2_name,full_name,ISO_A0,FAO_GAUL_code,RNE_iso_code,IBGE_code,calendar_start_date,calendar_end_date,Year,dengue_total,case_definition_standardised,S_res,T_res,UUID,region
BANGLADESH,NA,NA,BANGLADESH,BGD,23,BGD,NA,8/1/2020,8/31/2020,2020,68,Confirmed,Admin0,Month,MOH-BGD-20002021-Y01-01,SEARO
BANGLADESH,NA,NA,BANGLADESH,BGD,23,BGD,NA,9/1/2020,9/30/2020,2020,47,Confirmed,Admin0,Month,MOH-BGD-20002021-Y01-01,SEARO
BANGLADESH,NA,NA,BANGLADESH,BGD,23,BGD,NA,10/1/2020,10/31/2020,2020,164,Confirmed,Admin0,Month,MOH-BGD-20002021-Y01-01,SEARO
BANGLADESH,NA,NA,BANGLADESH,BGD,23,BGD,NA,4/1/2018,4/30/2018,2018,29,Confirmed,Admin0,Month,MOH-BGD-20002021-Y01-01,SEARO
BANGLADESH,NA,NA,BANGLADESH,BGD,23,BGD,NA,5/1/2019,5/31/2019,2019,193,Confirmed,Admin0,Month,MOH-BGD-20002021-Y01-01,SEARO
BANGLADESH,NA,NA,BANGLADESH,BGD,23,BGD,NA,1/1/2018,1/31/2018,2018,26,Confirmed,Admin0,Month,MOH-BGD-20002021-Y01-01,SEARO
BANGLADESH,NA,NA,BANGLADESH,BGD,23,BGD,NA,2/1/2018,2/28/2018,2018,7,Confirmed,Admin0,Month,MOH-BGD-20002021-Y01-01,SEARO
BANGLADESH,NA,NA,BANGLADESH,BGD,23,BGD,NA,3/1/2018,3/31/2018,2018,19,Confirmed,Admin0,Month,MOH-BGD-20002021-Y01-01,SEARO
BANGLADESH,NA,NA,BANGLADESH,BGD,23,BGD,NA,11/1/2020,11/30/2020,2020,546,Confirmed,Admin0,Month,MOH-BGD-20002021-Y01-01,SEARO
BANGLADESH,NA,NA,BANGLADESH,BGD,23,BGD,NA,5/1/2018,5/31/2018,2018,52,Confirmed,Admin0,Month,MOH-BGD-20002021-Y01-01,SEARO
BANGLADESH,NA,NA,BANGLADESH,BGD,23,BGD,NA,6/1/2018,6/30/2018,2018,295,Confirmed,Admin0,Month,MOH-BGD-20002021-Y01-01,SEARO
BANGLADESH,NA,NA,BANGLADESH,BGD,23,BGD,NA,7/1/2018,7/31/2018,2018,946,Confirmed,Admin0,Month,MOH-BGD-20002021-Y01-01,SEARO
BANGLADESH,NA,NA,BANGLADESH,BGD,23,BGD,NA,12/1/2018,12/31/2018,2018,293,Confirmed,Admin0,Month,MOH-BGD-20002021-Y01-01,SEARO
BANGLADESH,NA,NA,BANGLADESH,BGD,23,BGD,NA,1/1/2019,1/31/2019,2019,38,Confirmed,Admin0,Month,MOH-BGD-20002021-Y01-01,SEARO
BANGLADESH,NA,NA,BANGLADESH,BGD,23,BGD,NA,2/1/2019,2/28/2019,2019,18,Confirmed,Admin0,Month,MOH-BGD-20002021-Y01-01,SEARO
BANGLADESH,NA,NA,BANGLADESH,BGD,23,BGD,NA,3/1/2019,3/31/2019,2019,17,Confirmed,Admin0,Month,MOH-BGD-20002021-Y01-01,SEARO
BANGLADESH,NA,NA,BANGLADESH,BGD,23,BGD,NA,4/1/2019,4/30/2019,2019,58,Confirmed,Admin0,Month,MOH-BGD-20002021-Y01-01,SEARO
BANGLADESH,NA,NA,BANGLADESH,BGD,23,BGD,NA,6/1/2020,6/30/2020,2020,20,Confirmed,Admin0,Month,MOH-BGD-20002021-Y01-01,SEARO
BANGLADESH,NA,NA,BANGLADESH,BGD,23,BGD,NA,7/1/2020,7/31/2020,2020,23,Confirmed,Admin0,Month,MOH-BGD-20002021-Y01-01,SEARO
BANGLADESH,NA,NA,BANGLADESH,BGD,23,BGD,NA,3/1/2017,3/31/2017,2017,36,Confirmed,Admin0,Month,MOH-BGD-20002021-Y01-01,SEARO
BANGLADESH,NA,NA,BANGLADESH,BGD,23,BGD,NA,4/1/2017,4/30/2017,2017,73,Confirmed,Admin0,Month,MOH-BGD-20002021-Y01-01,SEARO
BANGLADESH,NA,NA,BANGLADESH,BGD,23,BGD,NA,8/1/2018,8/31/2018,2018,1796,Confirmed,Admin0,Month,MOH-BGD-20002021-Y01-01,SEARO
BANGLADESH,NA,NA,BANGLADESH,BGD,23,BGD,NA,9/1/2018,9/30/2018,2018,3087,Confirmed,Admin0,Month,MOH-BGD-20002021-Y01-01,SEARO
BANGLADESH,NA,NA,BANGLADESH,BGD,23,BGD,NA,10/1/2018,10/31/2018,2018,2406,Confirmed,Admin0,Month,MOH-BGD-20002021-Y01-01,SEARO
BANGLADESH,NA,NA,BANGLADESH,BGD,23,BGD,NA,11/1/2018,11/30/2018,2018,1192,Confirmed,Admin0,Month,MOH-BGD-20002021-Y01-01,SEARO
BANGLADESH,NA,NA,BANGLADESH,BGD,23,BGD,NA,9/1/2017,9/30/2017,2017,430,Confirmed,Admin0,Month,MOH-BGD-20002021-Y01-01,SEARO
BANGLADESH,NA,NA,BANGLADESH,BGD,23,BGD,NA,10/1/2017,10/31/2017,2017,512,Confirmed,Admin0,Month,MOH-BGD-20002021-Y01-01,SEARO
BANGLADESH,NA,NA,BANGLADESH,BGD,23,BGD,NA,11/1/2017,11/30/2017,2017,409,Confirmed,Admin0,Month,MOH-BGD-20002021-Y01-01,SEARO
BANGLADESH,NA,NA,BANGLADESH,BGD,23,BGD,NA,12/1/2017,12/31/2017,2017,126,Confirmed,Admin0,Month,MOH-BGD-20002021-Y01-01,SEARO
BANGLADESH,NA,NA,BANGLADESH,BGD,23,BGD,NA,1/1/1980,12/31/1980,1980,4,Total,Admin0,Year,TYCHO-ALL-19242017-SV_DF01-00,SEARO
BANGLADESH,NA,NA,BANGLADESH,BGD,23,BGD,NA,1/1/1985,12/31/1985,1985,0,Total,Admin0,Year,WHOSEARO-ALL-19852009-Y01-00,SEARO
BANGLADESH,NA,NA,BANGLADESH,BGD,23,BGD,NA,1/1/1986,12/31/1986,1986,0,Total,Admin0,Year,WHOSEARO-ALL-19852009-Y01-00,SEARO
BANGLADESH,NA,NA,BANGLADESH,BGD,23,BGD,NA,1/1/1987,12/31/1987,1987,0,Total,Admin0,Year,WHOSEARO-ALL-19852009-Y01-00,SEARO
BANGLADESH,NA,NA,BANGLADESH,BGD,23,BGD,NA,1/1/1988,12/31/1988,1988,0,Total,Admin0,Year,WHOSEARO-ALL-19852009-Y01-00,SEARO
BANGLADESH,NA,NA,BANGLADESH,BGD,23,BGD,NA,5/1/2017,5/31/2017,2017,134,Confirmed,Admin0,Month,MOH-BGD-20002021-Y01-01,SEARO
BANGLADESH,NA,NA,BANGLADESH,BGD,23,BGD,NA,6/1/2017,6/30/2017,2017,267,Confirmed,Admin0,Month,MOH-BGD-20002021-Y01-01,SEARO
BANGLADESH,NA,NA,BANGLADESH,BGD,23,BGD,NA,7/1/2017,7/31/2017,2017,286,Confirmed,Admin0,Month,MOH-BGD-20002021-Y01-01,SEARO
BANGLADESH,NA,NA,BANGLADESH,BGD,23,BGD,NA,8/1/2017,8/31/2017,2017,346,Confirmed,Admin0,Month,MOH-BGD-20002021-Y01-01,SEARO
BANGLADESH,NA,NA,BANGLADESH,BGD,23,BGD,NA,1/1/1993,12/31/1993,1993,0,Total,Admin0,Year,WHOSEARO-ALL-19852009-Y01-00,SEARO
BANGLADESH,NA,NA,BANGLADESH,BGD,23,BGD,NA,1/1/1994,12/31/1994,1994,0,Total,Admin0,Year,WHOSEARO-ALL-19852009-Y01-00,SEARO
BANGLADESH,NA,NA,BANGLADESH,BGD,23,BGD,NA,1/1/1995,12/31/1995,1995,0,Total,Admin0,Year,WHOSEARO-ALL-19852009-Y01-00,SEARO
BANGLADESH,NA,NA,BANGLADESH,BGD,23,BGD,NA,1/1/1996,12/31/1996,1996,0,Total,Admin0,Year,WHOSEARO-ALL-19852009-Y01-00,SEARO
BANGLADESH,NA,NA,BANGLADESH,BGD,23,BGD,NA,1/1/1997,12/31/1997,1997,0,Total,Admin0,Year,WHOSEARO-ALL-19852009-Y01-00,SEARO
BANGLADESH,NA,NA,BANGLADESH,BGD,23,BGD,NA,1/1/1998,12/31/1998,1998,0,Total,Admin0,Year,WHOSEARO-ALL-19852009-Y01-00,SEARO
BANGLADESH,NA,NA,BANGLADESH,BGD,23,BGD,NA,1/1/1999,12/31/1999,1999,273,Total,Admin0,Year,WHOSEARO-ALL-19852009-Y01-00,SEARO
BANGLADESH,NA,NA,BANGLADESH,BGD,23,BGD,NA,6/1/2019,6/30/2019,2019,1884,Confirmed,Admin0,Month,MOH-BGD-20002021-Y01-01,SEARO
BANGLADESH,NA,NA,BANGLADESH,BGD,23,BGD,NA,7/1/2019,7/31/2019,2019,16253,Confirmed,Admin0,Month,MOH-BGD-20002021-Y01-01,SEARO
BANGLADESH,NA,NA,BANGLADESH,BGD,23,BGD,NA,1/1/1989,12/31/1989,1989,0,Total,Admin0,Year,WHOSEARO-ALL-19852009-Y01-00,SEARO
BANGLADESH,NA,NA,BANGLADESH,BGD,23,BGD,NA,1/1/1990,12/31/1990,1990,0,Total,Admin0,Year,WHOSEARO-ALL-19852009-Y01-00,SEARO
BANGLADESH,NA,NA,BANGLADESH,BGD,23,BGD,NA,1/1/1991,12/31/1991,1991,0,Total,Admin0,Year,WHOSEARO-ALL-19852009-Y01-00,SEARO
BANGLADESH,NA,NA,BANGLADESH,BGD,23,BGD,NA,1/1/1992,12/31/1992,1992,0,Total,Admin0,Year,WHOSEARO-ALL-19852009-Y01-00,SEARO
BANGLADESH,NA,NA,BANGLADESH,BGD,23,BGD,NA,12/1/2019,12/31/2019,2019,1247,Confirmed,Admin0,Month,MOH-BGD-20002021-Y01-01,SEARO
BANGLADESH,NA,NA,BANGLADESH,BGD,23,BGD,NA,1/1/2020,1/31/2020,2020,199,Confirmed,Admin0,Month,MOH-BGD-20002021-Y01-01,SEARO
BANGLADESH,NA,NA,BANGLADESH,BGD,23,BGD,NA,2/1/2020,2/29/2020,2020,45,Confirmed,Admin0,Month,MOH-BGD-20002021-Y01-01,SEARO
BANGLADESH,NA,NA,BANGLADESH,BGD,23,BGD,NA,3/1/2020,3/31/2020,2020,27,Confirmed,Admin0,Month,MOH-BGD-20002021-Y01-01,SEARO
BANGLADESH,NA,NA,BANGLADESH,BGD,23,BGD,NA,4/1/2020,4/30/2020,2020,25,Confirmed,Admin0,Month,MOH-BGD-20002021-Y01-01,SEARO
BANGLADESH,NA,NA,BANGLADESH,BGD,23,BGD,NA,5/1/2020,5/31/2020,2020,10,Confirmed,Admin0,Month,MOH-BGD-20002021-Y01-01,SEARO
BANGLADESH,NA,NA,BANGLADESH,BGD,23,BGD,NA,3/1/2010,3/31/2010,2010,0,Confirmed,Admin0,Month,LITERATURE-BGD-20082022-Y01-00,SEARO
BANGLADESH,NA,NA,BANGLADESH,BGD,23,BGD,NA,4/1/2010,4/30/2010,2010,0,Confirmed,Admin0,Month,LITERATURE-BGD-20082022-Y01-00,SEARO
BANGLADESH,NA,NA,BANGLADESH,BGD,23,BGD,NA,5/1/2010,5/31/2010,2010,0,Confirmed,Admin0,Month,LITERATURE-BGD-20082022-Y01-00,SEARO
BANGLADESH,NA,NA,BANGLADESH,BGD,23,BGD,NA,6/1/2010,6/30/2010,2010,0,Confirmed,Admin0,Month,LITERATURE-BGD-20082022-Y01-00,SEARO
BANGLADESH,NA,NA,BANGLADESH,BGD,23,BGD,NA,7/1/2010,7/31/2010,2010,61,Confirmed,Admin0,Month,LITERATURE-BGD-20082022-Y01-00,SEARO
BANGLADESH,NA,NA,BANGLADESH,BGD,23,BGD,NA,8/1/2010,8/31/2010,2010,183,Confirmed,Admin0,Month,LITERATURE-BGD-20082022-Y01-00,SEARO
BANGLADESH,NA,NA,BANGLADESH,BGD,23,BGD,NA,9/1/2010,9/30/2010,2010,120,Confirmed,Admin0,Month,LITERATURE-BGD-20082022-Y01-00,SEARO
BANGLADESH,NA,NA,BANGLADESH,BGD,23,BGD,NA,12/1/2020,12/31/2020,2020,231,Confirmed,Admin0,Month,MOH-BGD-20002021-Y01-01,SEARO
BANGLADESH,NA,NA,BANGLADESH,BGD,23,BGD,NA,1/1/2021,1/31/2021,2021,32,Confirmed,Admin0,Month,MOH-BGD-20002021-Y01-01,SEARO
BANGLADESH,NA,NA,BANGLADESH,BGD,23,BGD,NA,2/1/2021,2/28/2021,2021,9,Confirmed,Admin0,Month,MOH-BGD-20002021-Y01-01,SEARO
BANGLADESH,NA,NA,BANGLADESH,BGD,23,BGD,NA,3/1/2021,3/31/2021,2021,13,Confirmed,Admin0,Month,MOH-BGD-20002021-Y01-01,SEARO
BANGLADESH,NA,NA,BANGLADESH,BGD,23,BGD,NA,4/1/2021,4/30/2021,2021,3,Confirmed,Admin0,Month,MOH-BGD-20002021-Y01-01,SEARO
BANGLADESH,NA,NA,BANGLADESH,BGD,23,BGD,NA,5/1/2021,5/31/2021,2021,43,Confirmed,Admin0,Month,MOH-BGD-20002021-Y01-01,SEARO
BANGLADESH,NA,NA,BANGLADESH,BGD,23,BGD,NA,6/1/2021,6/30/2021,2021,272,Confirmed,Admin0,Month,MOH-BGD-20002021-Y01-01,SEARO
BANGLADESH,NA,NA,BANGLADESH,BGD,23,BGD,NA,7/1/2021,7/31/2021,2021,2286,Confirmed,Admin0,Month,MOH-BGD-20002021-Y01-01,SEARO
BANGLADESH,NA,NA,BANGLADESH,BGD,23,BGD,NA,8/1/2021,8/31/2021,2021,7698,Confirmed,Admin0,Month,MOH-BGD-20002021-Y01-01,SEARO
BANGLADESH,NA,NA,BANGLADESH,BGD,23,BGD,NA,9/1/2021,9/30/2021,2021,6095,Confirmed,Admin0,Month,MOH-BGD-20002021-Y01-01,SEARO
BANGLADESH,NA,NA,BANGLADESH,BGD,23,BGD,NA,10/1/2021,10/31/2021,2021,4911,Total,Admin0,Month,WHO-ALL-2025-Y01-00,SEARO
BANGLADESH,NA,NA,BANGLADESH,BGD,23,BGD,NA,11/1/2021,11/30/2021,2021,3423,Total,Admin0,Month,WHO-ALL-2025-Y01-00,SEARO
BANGLADESH,NA,NA,BANGLADESH,BGD,23,BGD,NA,12/1/2021,12/31/2021,2021,1366,Total,Admin0,Month,WHO-ALL-2025-Y01-00,SEARO
BANGLADESH,NA,NA,BANGLADESH,BGD,23,BGD,NA,1/1/2022,1/31/2022,2022,110,Total,Admin0,Month,WHO-ALL-2025-Y01-00,SEARO
BANGLADESH,NA,NA,BANGLADESH,BGD,23,BGD,NA,2/1/2022,2/28/2022,2022,21,Total,Admin0,Month,WHO-ALL-2025-Y01-00,SEARO
BANGLADESH,NA,NA,BANGLADESH,BGD,23,BGD,NA,3/1/2022,3/31/2022,2022,22,Total,Admin0,Month,WHO-ALL-2025-Y01-00,SEARO
BANGLADESH,NA,NA,BANGLADESH,BGD,23,BGD,NA,4/1/2022,4/30/2022,2022,21,Total,Admin0,Month,WHO-ALL-2025-Y01-00,SEARO
BANGLADESH,NA,NA,BANGLADESH,BGD,23,BGD,NA,5/1/2022,5/31/2022,2022,131,Total,Admin0,Month,WHO-ALL-2025-Y01-00,SEARO
BANGLADESH,NA,NA,BANGLADESH,BGD,23,BGD,NA,6/1/2022,6/30/2022,2022,882,Total,Admin0,Month,WHO-ALL-2025-Y01-00,SEARO
BANGLADESH,NA,NA,BANGLADESH,BGD,23,BGD,NA,7/1/2022,7/31/2022,2022,1458,Total,Admin0,Month,WHO-ALL-2025-Y01-00,SEARO
BANGLADESH,NA,NA,BANGLADESH,BGD,23,BGD,NA,8/1/2022,8/31/2022,2022,2832,Total,Admin0,Month,WHO-ALL-2025-Y01-00,SEARO
BANGLADESH,NA,NA,BANGLADESH,BGD,23,BGD,NA,1/1/2000,12/31/2000,2000,5551,Total,Admin0,Year,MOH-BGD-20002021-Y01-00,SEARO
BANGLADESH,NA,NA,BANGLADESH,BGD,23,BGD,NA,1/1/2001,12/31/2001,2001,2430,Total,Admin0,Year,MOH-BGD-20002021-Y01-00,SEARO
BANGLADESH,NA,NA,BANGLADESH,BGD,23,BGD,NA,8/1/2019,8/31/2019,2019,56236,Confirmed,Admin0,Month,MOH-BGD-20002021-Y01-01,SEARO
BANGLADESH,NA,NA,BANGLADESH,BGD,23,BGD,NA,9/1/2019,9/30/2019,2019,16856,Confirmed,Admin0,Month,MOH-BGD-20002021-Y01-01,SEARO
BANGLADESH,NA,NA,BANGLADESH,BGD,23,BGD,NA,10/1/2019,10/31/2019,2019,8143,Confirmed,Admin0,Month,MOH-BGD-20002021-Y01-01,SEARO
BANGLADESH,NA,NA,BANGLADESH,BGD,23,BGD,NA,11/1/2019,11/30/2019,2019,4011,Confirmed,Admin0,Month,MOH-BGD-20002021-Y01-01,SEARO
BANGLADESH,NA,NA,BANGLADESH,BGD,23,BGD,NA,1/1/2006,12/31/2006,2006,2200,Total,Admin0,Year,MOH-BGD-20002021-Y01-00,SEARO
BANGLADESH,NA,NA,BANGLADESH,BGD,23,BGD,NA,1/1/2007,12/31/2007,2007,466,Total,Admin0,Year,MOH-BGD-20002021-Y01-00,SEARO
BANGLADESH,NA,NA,BANGLADESH,BGD,23,BGD,NA,1/1/2008,12/31/2008,2008,1153,Total,Admin0,Year,MOH-BGD-20002021-Y01-00,SEARO
BANGLADESH,NA,NA,BANGLADESH,BGD,23,BGD,NA,1/1/2009,12/31/2009,2009,474,Total,Admin0,Year,MOH-BGD-20002021-Y01-00,SEARO
BANGLADESH,NA,NA,BANGLADESH,BGD,23,BGD,NA,1/1/2010,1/31/2010,2010,0,Confirmed,Admin0,Month,LITERATURE-BGD-20082022-Y01-00,SEARO
BANGLADESH,NA,NA,BANGLADESH,BGD,23,BGD,NA,2/1/2010,2/28/2010,2010,0,Confirmed,Admin0,Month,LITERATURE-BGD-20082022-Y01-00,SEARO
BANGLADESH,NA,NA,BANGLADESH,BGD,23,BGD,NA,11/1/2016,11/30/2016,2016,522,Confirmed,Admin0,Month,MOH-BGD-20002021-Y01-01,SEARO
BANGLADESH,NA,NA,BANGLADESH,BGD,23,BGD,NA,12/1/2016,12/31/2016,2016,145,Confirmed,Admin0,Month,MOH-BGD-20002021-Y01-01,SEARO
BANGLADESH,NA,NA,BANGLADESH,BGD,23,BGD,NA,1/1/2017,1/31/2017,2017,92,Confirmed,Admin0,Month,MOH-BGD-20002021-Y01-01,SEARO
BANGLADESH,NA,NA,BANGLADESH,BGD,23,BGD,NA,2/1/2017,2/28/2017,2017,58,Confirmed,Admin0,Month,MOH-BGD-20002021-Y01-01,SEARO
BANGLADESH,NA,NA,BANGLADESH,BGD,23,BGD,NA,12/1/2023,12/31/2023,2023,7473,Total,Admin0,Month,WHO-ALL-2025-Y01-00,SEARO
BANGLADESH,NA,NA,BANGLADESH,BGD,23,BGD,NA,1/1/2024,1/31/2024,2024,1055,Total,Admin0,Month,WHO-ALL-2025-Y01-00,SEARO
BANGLADESH,NA,NA,BANGLADESH,BGD,23,BGD,NA,2/1/2024,2/29/2024,2024,339,Total,Admin0,Month,WHO-ALL-2025-Y01-00,SEARO
BANGLADESH,NA,NA,BANGLADESH,BGD,23,BGD,NA,3/1/2024,3/31/2024,2024,311,Total,Admin0,Month,WHO-ALL-2025-Y01-00,SEARO
BANGLADESH,NA,NA,BANGLADESH,BGD,23,BGD,NA,10/1/2010,10/31/2010,2010,45,Confirmed,Admin0,Month,LITERATURE-BGD-20082022-Y01-00,SEARO
BANGLADESH,NA,NA,BANGLADESH,BGD,23,BGD,NA,11/1/2010,11/30/2010,2010,0,Confirmed,Admin0,Month,LITERATURE-BGD-20082022-Y01-00,SEARO
BANGLADESH,NA,NA,BANGLADESH,BGD,23,BGD,NA,12/1/2010,12/31/2010,2010,0,Confirmed,Admin0,Month,LITERATURE-BGD-20082022-Y01-00,SEARO
BANGLADESH,NA,NA,BANGLADESH,BGD,23,BGD,NA,1/1/2011,1/31/2011,2011,0,Confirmed,Admin0,Month,MOH-BGD-20002021-Y01-01,SEARO
BANGLADESH,NA,NA,BANGLADESH,BGD,23,BGD,NA,2/1/2011,2/28/2011,2011,0,Confirmed,Admin0,Month,MOH-BGD-20002021-Y01-01,SEARO
BANGLADESH,NA,NA,BANGLADESH,BGD,23,BGD,NA,3/1/2011,3/31/2011,2011,0,Confirmed,Admin0,Month,MOH-BGD-20002021-Y01-01,SEARO
BANGLADESH,NA,NA,BANGLADESH,BGD,23,BGD,NA,4/1/2011,4/30/2011,2011,0,Confirmed,Admin0,Month,MOH-BGD-20002021-Y01-01,SEARO
BANGLADESH,NA,NA,BANGLADESH,BGD,23,BGD,NA,5/1/2011,5/31/2011,2011,0,Confirmed,Admin0,Month,MOH-BGD-20002021-Y01-01,SEARO
BANGLADESH,NA,NA,BANGLADESH,BGD,23,BGD,NA,6/1/2011,6/30/2011,2011,61,Confirmed,Admin0,Month,MOH-BGD-20002021-Y01-01,SEARO
BANGLADESH,NA,NA,BANGLADESH,BGD,23,BGD,NA,7/1/2011,7/31/2011,2011,255,Confirmed,Admin0,Month,MOH-BGD-20002021-Y01-01,SEARO
BANGLADESH,NA,NA,BANGLADESH,BGD,23,BGD,NA,8/1/2011,8/31/2011,2011,691,Confirmed,Admin0,Month,MOH-BGD-20002021-Y01-01,SEARO
BANGLADESH,NA,NA,BANGLADESH,BGD,23,BGD,NA,9/1/2011,9/30/2011,2011,193,Confirmed,Admin0,Month,MOH-BGD-20002021-Y01-01,SEARO
BANGLADESH,NA,NA,BANGLADESH,BGD,23,BGD,NA,10/1/2011,10/31/2011,2011,114,Confirmed,Admin0,Month,MOH-BGD-20002021-Y01-01,SEARO
BANGLADESH,NA,NA,BANGLADESH,BGD,23,BGD,NA,11/1/2011,11/30/2011,2011,36,Confirmed,Admin0,Month,MOH-BGD-20002021-Y01-01,SEARO
BANGLADESH,NA,NA,BANGLADESH,BGD,23,BGD,NA,12/1/2011,12/31/2011,2011,9,Confirmed,Admin0,Month,MOH-BGD-20002021-Y01-01,SEARO
BANGLADESH,NA,NA,BANGLADESH,BGD,23,BGD,NA,1/1/2012,1/31/2012,2012,0,Confirmed,Admin0,Month,MOH-BGD-20002021-Y01-01,SEARO
BANGLADESH,NA,NA,BANGLADESH,BGD,23,BGD,NA,2/1/2012,2/29/2012,2012,0,Confirmed,Admin0,Month,MOH-BGD-20002021-Y01-01,SEARO
BANGLADESH,NA,NA,BANGLADESH,BGD,23,BGD,NA,3/1/2012,3/31/2012,2012,0,Confirmed,Admin0,Month,MOH-BGD-20002021-Y01-01,SEARO
BANGLADESH,NA,NA,BANGLADESH,BGD,23,BGD,NA,4/1/2012,4/30/2012,2012,0,Confirmed,Admin0,Month,MOH-BGD-20002021-Y01-01,SEARO
BANGLADESH,NA,NA,BANGLADESH,BGD,23,BGD,NA,5/1/2012,5/31/2012,2012,0,Confirmed,Admin0,Month,MOH-BGD-20002021-Y01-01,SEARO
BANGLADESH,NA,NA,BANGLADESH,BGD,23,BGD,NA,6/1/2012,6/30/2012,2012,16,Confirmed,Admin0,Month,MOH-BGD-20002021-Y01-01,SEARO
BANGLADESH,NA,NA,BANGLADESH,BGD,23,BGD,NA,9/1/2022,9/30/2022,2022,11803,Total,Admin0,Month,WHO-ALL-2025-Y01-00,SEARO
BANGLADESH,NA,NA,BANGLADESH,BGD,23,BGD,NA,1/1/2002,12/31/2002,2002,6132,Total,Admin0,Year,MOH-BGD-20002021-Y01-00,SEARO
BANGLADESH,NA,NA,BANGLADESH,BGD,23,BGD,NA,1/1/2003,12/31/2003,2003,486,Total,Admin0,Year,MOH-BGD-20002021-Y01-00,SEARO
BANGLADESH,NA,NA,BANGLADESH,BGD,23,BGD,NA,1/1/2004,12/31/2004,2004,3934,Total,Admin0,Year,MOH-BGD-20002021-Y01-00,SEARO
BANGLADESH,NA,NA,BANGLADESH,BGD,23,BGD,NA,1/1/2005,12/31/2005,2005,1048,Total,Admin0,Year,MOH-BGD-20002021-Y01-00,SEARO
BANGLADESH,NA,NA,BANGLADESH,BGD,23,BGD,NA,2/1/2023,2/28/2023,2023,182,Total,Admin0,Month,WHO-ALL-2025-Y01-00,SEARO
BANGLADESH,NA,NA,BANGLADESH,BGD,23,BGD,NA,3/1/2023,3/31/2023,2023,123,Total,Admin0,Month,WHO-ALL-2025-Y01-00,SEARO
BANGLADESH,NA,NA,BANGLADESH,BGD,23,BGD,NA,4/1/2023,4/30/2023,2023,136,Total,Admin0,Month,WHO-ALL-2025-Y01-00,SEARO
BANGLADESH,NA,NA,BANGLADESH,BGD,23,BGD,NA,5/1/2023,5/31/2023,2023,785,Total,Admin0,Month,WHO-ALL-2025-Y01-00,SEARO
BANGLADESH,NA,NA,BANGLADESH,BGD,23,BGD,NA,6/1/2023,6/30/2023,2023,6986,Total,Admin0,Month,WHO-ALL-2025-Y01-00,SEARO
BANGLADESH,NA,NA,BANGLADESH,BGD,23,BGD,NA,7/1/2023,7/31/2023,2023,40381,Total,Admin0,Month,WHO-ALL-2025-Y01-00,SEARO
BANGLADESH,NA,NA,BANGLADESH,BGD,23,BGD,NA,8/1/2023,8/31/2023,2023,81164,Total,Admin0,Month,WHO-ALL-2025-Y01-00,SEARO
BANGLADESH,NA,NA,BANGLADESH,BGD,23,BGD,NA,9/1/2023,9/30/2023,2023,75986,Total,Admin0,Month,WHO-ALL-2025-Y01-00,SEARO
BANGLADESH,NA,NA,BANGLADESH,BGD,23,BGD,NA,10/1/2023,10/31/2023,2023,61392,Total,Admin0,Month,WHO-ALL-2025-Y01-00,SEARO
BANGLADESH,NA,NA,BANGLADESH,BGD,23,BGD,NA,11/1/2023,11/30/2023,2023,46026,Total,Admin0,Month,WHO-ALL-2025-Y01-00,SEARO
BANGLADESH,NA,NA,BANGLADESH,BGD,23,BGD,NA,8/1/2013,8/31/2013,2013,353,Confirmed,Admin0,Month,MOH-BGD-20002021-Y01-01,SEARO
BANGLADESH,NA,NA,BANGLADESH,BGD,23,BGD,NA,9/1/2013,9/30/2013,2013,495,Confirmed,Admin0,Month,MOH-BGD-20002021-Y01-01,SEARO
BANGLADESH,NA,NA,BANGLADESH,BGD,23,BGD,NA,10/1/2013,10/31/2013,2013,363,Confirmed,Admin0,Month,MOH-BGD-20002021-Y01-01,SEARO
BANGLADESH,NA,NA,BANGLADESH,BGD,23,BGD,NA,11/1/2013,11/30/2013,2013,212,Confirmed,Admin0,Month,MOH-BGD-20002021-Y01-01,SEARO
BANGLADESH,NA,NA,BANGLADESH,BGD,23,BGD,NA,4/1/2024,4/30/2024,2024,504,Total,Admin0,Month,WHO-ALL-2025-Y01-00,SEARO
BANGLADESH,NA,NA,BANGLADESH,BGD,23,BGD,NA,5/1/2024,5/31/2024,2024,644,Total,Admin0,Month,WHO-ALL-2025-Y01-00,SEARO
BANGLADESH,NA,NA,BANGLADESH,BGD,23,BGD,NA,6/1/2024,6/30/2024,2024,798,Total,Admin0,Month,WHO-ALL-2025-Y01-00,SEARO
BANGLADESH,NA,NA,BANGLADESH,BGD,23,BGD,NA,7/1/2024,7/31/2024,2024,2669,Total,Admin0,Month,WHO-ALL-2025-Y01-00,SEARO
BANGLADESH,NA,NA,BANGLADESH,BGD,23,BGD,NA,8/1/2024,8/31/2024,2024,6521,Total,Admin0,Month,WHO-ALL-2025-Y01-00,SEARO
BANGLADESH,NA,NA,BANGLADESH,BGD,23,BGD,NA,9/1/2024,9/30/2024,2024,18097,Total,Admin0,Month,WHO-ALL-2025-Y01-00,SEARO
BANGLADESH,NA,NA,BANGLADESH,BGD,23,BGD,NA,10/1/2024,10/31/2024,2024,30879,Total,Admin0,Month,WHO-ALL-2025-Y01-00,SEARO
BANGLADESH,NA,NA,BANGLADESH,BGD,23,BGD,NA,11/1/2024,11/30/2024,2024,29652,Total,Admin0,Month,WHO-ALL-2025-Y01-00,SEARO
BANGLADESH,NA,NA,BANGLADESH,BGD,23,BGD,NA,12/1/2024,12/31/2024,2024,9745,Total,Admin0,Month,WHO-ALL-2025-Y01-00,SEARO
BANGLADESH,NA,NA,BANGLADESH,BGD,23,BGD,NA,1/1/2025,1/31/2025,2025,1161,Total,Admin0,Month,WHO-ALL-2025-Y01-00,SEARO
BANGLADESH,NA,NA,BANGLADESH,BGD,23,BGD,NA,2/1/2025,2/28/2025,2025,374,Total,Admin0,Month,WHO-ALL-2025-Y01-00,SEARO
BANGLADESH,NA,NA,BANGLADESH,BGD,23,BGD,NA,3/1/2025,3/31/2025,2025,336,Total,Admin0,Month,WHO-ALL-2025-Y01-00,SEARO
BANGLADESH,NA,NA,BANGLADESH,BGD,23,BGD,NA,1/1/2015,1/31/2015,2015,0,Confirmed,Admin0,Month,MOH-BGD-20002021-Y01-01,SEARO
BANGLADESH,NA,NA,BANGLADESH,BGD,23,BGD,NA,2/1/2015,2/28/2015,2015,0,Confirmed,Admin0,Month,MOH-BGD-20002021-Y01-01,SEARO
BANGLADESH,NA,NA,BANGLADESH,BGD,23,BGD,NA,3/1/2015,3/31/2015,2015,2,Confirmed,Admin0,Month,MOH-BGD-20002021-Y01-01,SEARO
BANGLADESH,NA,NA,BANGLADESH,BGD,23,BGD,NA,4/1/2015,4/30/2015,2015,6,Confirmed,Admin0,Month,MOH-BGD-20002021-Y01-01,SEARO
BANGLADESH,NA,NA,BANGLADESH,BGD,23,BGD,NA,5/1/2015,5/31/2015,2015,10,Confirmed,Admin0,Month,MOH-BGD-20002021-Y01-01,SEARO
BANGLADESH,NA,NA,BANGLADESH,BGD,23,BGD,NA,6/1/2015,6/30/2015,2015,28,Confirmed,Admin0,Month,MOH-BGD-20002021-Y01-01,SEARO
BANGLADESH,NA,NA,BANGLADESH,BGD,23,BGD,NA,7/1/2015,7/31/2015,2015,171,Confirmed,Admin0,Month,MOH-BGD-20002021-Y01-01,SEARO
BANGLADESH,NA,NA,BANGLADESH,BGD,23,BGD,NA,8/1/2015,8/31/2015,2015,765,Confirmed,Admin0,Month,MOH-BGD-20002021-Y01-01,SEARO
BANGLADESH,NA,NA,BANGLADESH,BGD,23,BGD,NA,9/1/2015,9/30/2015,2015,965,Confirmed,Admin0,Month,MOH-BGD-20002021-Y01-01,SEARO
BANGLADESH,NA,NA,BANGLADESH,BGD,23,BGD,NA,10/1/2015,10/31/2015,2015,869,Confirmed,Admin0,Month,MOH-BGD-20002021-Y01-01,SEARO
BANGLADESH,NA,NA,BANGLADESH,BGD,23,BGD,NA,10/1/2022,10/31/2022,2022,19856,Total,Admin0,Month,WHO-ALL-2025-Y01-00,SEARO
BANGLADESH,NA,NA,BANGLADESH,BGD,23,BGD,NA,11/1/2022,11/30/2022,2022,18979,Total,Admin0,Month,WHO-ALL-2025-Y01-00,SEARO
BANGLADESH,NA,NA,BANGLADESH,BGD,23,BGD,NA,12/1/2022,12/31/2022,2022,6293,Total,Admin0,Month,WHO-ALL-2025-Y01-00,SEARO
BANGLADESH,NA,NA,BANGLADESH,BGD,23,BGD,NA,1/1/2023,1/31/2023,2023,504,Total,Admin0,Month,WHO-ALL-2025-Y01-00,SEARO
BANGLADESH,NA,NA,BANGLADESH,BGD,23,BGD,NA,3/1/2016,3/31/2016,2016,17,Confirmed,Admin0,Month,MOH-BGD-20002021-Y01-01,SEARO
BANGLADESH,NA,NA,BANGLADESH,BGD,23,BGD,NA,4/1/2016,4/30/2016,2016,38,Confirmed,Admin0,Month,MOH-BGD-20002021-Y01-01,SEARO
BANGLADESH,NA,NA,BANGLADESH,BGD,23,BGD,NA,5/1/2016,5/31/2016,2016,70,Confirmed,Admin0,Month,MOH-BGD-20002021-Y01-01,SEARO
BANGLADESH,NA,NA,BANGLADESH,BGD,23,BGD,NA,6/1/2016,6/30/2016,2016,254,Confirmed,Admin0,Month,MOH-BGD-20002021-Y01-01,SEARO
BANGLADESH,NA,NA,BANGLADESH,BGD,23,BGD,NA,7/1/2016,7/31/2016,2016,926,Confirmed,Admin0,Month,MOH-BGD-20002021-Y01-01,SEARO
BANGLADESH,NA,NA,BANGLADESH,BGD,23,BGD,NA,8/1/2016,8/31/2016,2016,1451,Confirmed,Admin0,Month,MOH-BGD-20002021-Y01-01,SEARO
BANGLADESH,NA,NA,BANGLADESH,BGD,23,BGD,NA,9/1/2016,9/30/2016,2016,1544,Confirmed,Admin0,Month,MOH-BGD-20002021-Y01-01,SEARO
BANGLADESH,NA,NA,BANGLADESH,BGD,23,BGD,NA,10/1/2016,10/31/2016,2016,1077,Confirmed,Admin0,Month,MOH-BGD-20002021-Y01-01,SEARO
BANGLADESH,NA,NA,BANGLADESH,BGD,23,BGD,NA,6/1/2013,6/30/2013,2013,44,Confirmed,Admin0,Month,MOH-BGD-20002021-Y01-01,SEARO
BANGLADESH,NA,NA,BANGLADESH,BGD,23,BGD,NA,7/1/2013,7/31/2013,2013,220,Confirmed,Admin0,Month,MOH-BGD-20002021-Y01-01,SEARO
BANGLADESH,NA,NA,BANGLADESH,BGD,23,BGD,NA,9/1/2014,9/30/2014,2014,76,Confirmed,Admin0,Month,MOH-BGD-20002021-Y01-01,SEARO
BANGLADESH,NA,NA,BANGLADESH,BGD,23,BGD,NA,10/1/2014,10/31/2014,2014,63,Confirmed,Admin0,Month,MOH-BGD-20002021-Y01-01,SEARO
BANGLADESH,NA,NA,BANGLADESH,BGD,23,BGD,NA,11/1/2014,11/30/2014,2014,22,Confirmed,Admin0,Month,MOH-BGD-20002021-Y01-01,SEARO
BANGLADESH,NA,NA,BANGLADESH,BGD,23,BGD,NA,12/1/2014,12/31/2014,2014,11,Confirmed,Admin0,Month,MOH-BGD-20002021-Y01-01,SEARO
BANGLADESH,NA,NA,BANGLADESH,BGD,23,BGD,NA,12/1/2013,12/31/2013,2013,58,Confirmed,Admin0,Month,MOH-BGD-20002021-Y01-01,SEARO
BANGLADESH,NA,NA,BANGLADESH,BGD,23,BGD,NA,1/1/2014,1/31/2014,2014,15,Confirmed,Admin0,Month,MOH-BGD-20002021-Y01-01,SEARO
BANGLADESH,NA,NA,BANGLADESH,BGD,23,BGD,NA,2/1/2014,2/28/2014,2014,7,Confirmed,Admin0,Month,MOH-BGD-20002021-Y01-01,SEARO
BANGLADESH,NA,NA,BANGLADESH,BGD,23,BGD,NA,3/1/2014,3/31/2014,2014,2,Confirmed,Admin0,Month,MOH-BGD-20002021-Y01-01,SEARO
BANGLADESH,NA,NA,BANGLADESH,BGD,23,BGD,NA,4/1/2014,4/30/2014,2014,0,Confirmed,Admin0,Month,MOH-BGD-20002021-Y01-01,SEARO
BANGLADESH,NA,NA,BANGLADESH,BGD,23,BGD,NA,5/1/2014,5/31/2014,2014,8,Confirmed,Admin0,Month,MOH-BGD-20002021-Y01-01,SEARO
BANGLADESH,NA,NA,BANGLADESH,BGD,23,BGD,NA,6/1/2014,6/30/2014,2014,9,Confirmed,Admin0,Month,MOH-BGD-20002021-Y01-01,SEARO
BANGLADESH,NA,NA,BANGLADESH,BGD,23,BGD,NA,7/1/2014,7/31/2014,2014,82,Confirmed,Admin0,Month,MOH-BGD-20002021-Y01-01,SEARO
BANGLADESH,NA,NA,BANGLADESH,BGD,23,BGD,NA,8/1/2014,8/31/2014,2014,80,Confirmed,Admin0,Month,MOH-BGD-20002021-Y01-01,SEARO
BANGLADESH,NA,NA,BANGLADESH,BGD,23,BGD,NA,10/1/2012,10/31/2012,2012,90,Confirmed,Admin0,Month,MOH-BGD-20002021-Y01-01,SEARO
BANGLADESH,NA,NA,BANGLADESH,BGD,23,BGD,NA,7/1/2012,7/31/2012,2012,108,Confirmed,Admin0,Month,MOH-BGD-20002021-Y01-01,SEARO
BANGLADESH,NA,NA,BANGLADESH,BGD,23,BGD,NA,8/1/2012,8/31/2012,2012,138,Confirmed,Admin0,Month,MOH-BGD-20002021-Y01-01,SEARO
BANGLADESH,NA,NA,BANGLADESH,BGD,23,BGD,NA,9/1/2012,9/30/2012,2012,262,Confirmed,Admin0,Month,MOH-BGD-20002021-Y01-01,SEARO
BANGLADESH,NA,NA,BANGLADESH,BGD,23,BGD,NA,2/1/2013,2/28/2013,2013,0,Confirmed,Admin0,Month,MOH-BGD-20002021-Y01-01,SEARO
BANGLADESH,NA,NA,BANGLADESH,BGD,23,BGD,NA,11/1/2012,11/30/2012,2012,57,Confirmed,Admin0,Month,MOH-BGD-20002021-Y01-01,SEARO
BANGLADESH,NA,NA,BANGLADESH,BGD,23,BGD,NA,12/1/2012,12/31/2012,2012,0,Confirmed,Admin0,Month,MOH-BGD-20002021-Y01-01,SEARO
BANGLADESH,NA,NA,BANGLADESH,BGD,23,BGD,NA,1/1/2013,1/31/2013,2013,0,Confirmed,Admin0,Month,MOH-BGD-20002021-Y01-01,SEARO
BANGLADESH,NA,NA,BANGLADESH,BGD,23,BGD,NA,11/1/2015,11/30/2015,2015,271,Confirmed,Admin0,Month,MOH-BGD-20002021-Y01-01,SEARO
BANGLADESH,NA,NA,BANGLADESH,BGD,23,BGD,NA,3/1/2013,3/31/2013,2013,0,Confirmed,Admin0,Month,MOH-BGD-20002021-Y01-01,SEARO
BANGLADESH,NA,NA,BANGLADESH,BGD,23,BGD,NA,4/1/2013,4/30/2013,2013,0,Confirmed,Admin0,Month,MOH-BGD-20002021-Y01-01,SEARO
BANGLADESH,NA,NA,BANGLADESH,BGD,23,BGD,NA,5/1/2013,5/31/2013,2013,4,Confirmed,Admin0,Month,MOH-BGD-20002021-Y01-01,SEARO
BANGLADESH,NA,NA,BANGLADESH,BGD,23,BGD,NA,12/1/2015,12/31/2015,2015,75,Confirmed,Admin0,Month,MOH-BGD-20002021-Y01-01,SEARO
BANGLADESH,NA,NA,BANGLADESH,BGD,23,BGD,NA,1/1/2016,1/31/2016,2016,13,Confirmed,Admin0,Month,MOH-BGD-20002021-Y01-01,SEARO
BANGLADESH,NA,NA,BANGLADESH,BGD,23,BGD,NA,2/1/2016,2/29/2016,2016,3,Confirmed,Admin0,Month,MOH-BGD-20002021-Y01-01,SEARO
